empleado,departamento,cargo,salario_base,salario_real,fecha_contratacion
Sissy Francillo,Support,gerente,4933.37,5516.37,8/9/2025
Cherish Wanek,Services,desarrollados,3960.79,4609.79,7/16/2025
Isaiah Muscott,Human Resources,desarrollados,1774.08,2371.08,7/8/2025
Hubie Kinane,Sales,analista,1774.3,1946.3,5/11/2025
Stormie Linnett,Engineering,analista,2574.51,2726.51,9/22/2025
Herta Wilding,Services,sub-gerente,4286.5,4714.5,8/3/2025
Claudelle Denyagin,Engineering,analista,3155.84,3871.84,10/6/2025
Selig Romans,Services,sub-gerente,2248.07,3217.07,2/16/2026
Val Sunners,Training,soporte,2842.34,3809.34,5/21/2025
Bea Carrabott,Research and Development,desarrollados,1728.35,2614.35,7/19/2025
Dawna Heindl,Accounting,analista,4541.74,5266.74,7/24/2025
Dyna Dorricott,Support,desarrollados,2657.9,3510.9,8/25/2025
Astrid Garratt,Legal,comercial,2038.95,2649.95,11/15/2025
Franny Prandoni,Accounting,comercial,2387.81,2909.81,1/5/2026
Abraham Rainbird,Legal,gerente,4594.55,5170.55,1/26/2026
Johnathan Edeson,Product Management,comercial,3379.09,3501.09,4/15/2026
Simeon Goulstone,Engineering,desarrollados,4951.71,5114.71,12/21/2025
Aryn Shakesby,Services,soporte,2371.11,3099.11,6/14/2025
Hyacinthie Tow,Training,soporte,2935.69,3428.69,10/27/2025
Victoir Noorwood,Human Resources,analista,1015.7,1142.7,11/24/2025
Dyanna Plomer,Product Management,soporte,2436.7,2537.7,4/21/2026
Fran Bonder,Engineering,analista,4175.36,4325.36,5/24/2025
Floyd Treadaway,Research and Development,comercial,1462.88,1644.88,7/19/2025
Sydney Monget,Legal,analista,4551.32,4614.32,9/18/2025
Zeb Woollin,Services,comercial,2789.86,3559.86,10/24/2025
Caleb Copozio,Sales,gerente,1083.07,1138.07,8/12/2025
Marylinda Lygoe,Engineering,desarrollados,1361.63,1693.63,1/25/2026
Giffard McKeeman,Research and Development,comercial,3918.47,3951.47,2/15/2026
Marcus Bridie,Support,analista,3784.08,3933.08,9/23/2025
Brear Carreyette,Research and Development,sub-gerente,1458.79,1816.79,11/19/2025
Abigail Beningfield,Research and Development,soporte,1920.63,2426.63,7/15/2025
Charlie Moubray,Accounting,sub-gerente,3659.74,3700.74,1/3/2026
Nance Pendock,Training,comercial,2648.74,2984.74,11/4/2025
Heda Hedley,Business Development,desarrollados,4841.29,5542.29,2/7/2026
Brendis Lentsch,Legal,comercial,2945.72,3398.72,6/5/2025
Matias Luckman,Services,desarrollados,2874.63,2919.63,1/12/2026
Leonid Housbey,Marketing,sub-gerente,1514.73,2119.73,6/8/2025
Benny Dayne,Accounting,sub-gerente,2910.2,3896.2,1/12/2026
Clovis Hanhard,Human Resources,analista,4113.04,4864.04,5/22/2025
Krista Okenden,Legal,soporte,3605.27,3977.27,12/9/2025
Concordia Nowaczyk,Research and Development,sub-gerente,3328.66,3676.66,7/16/2025
Kaila Firbanks,Marketing,comercial,3863.68,4560.68,8/28/2025
Oran Mott,Business Development,analista,3734.61,4398.61,8/5/2025
Arnie Hourihan,Training,gerente,2497.4,2887.4,1/4/2026
Heinrik Galbreth,Services,desarrollados,3472.05,3670.05,12/9/2025
Gillie Borne,Human Resources,desarrollados,3885.06,4025.06,5/1/2025
Terrance Jerisch,Legal,sub-gerente,3354.11,4199.11,2/7/2026
Sheila-kathryn Eversley,Research and Development,analista,4656.15,4697.15,1/11/2026
Lindy Perkis,Marketing,gerente,1366.92,2340.92,9/19/2025
Sileas Yalden,Training,gerente,2987.51,3215.51,5/17/2025
Laina Pargetter,Services,comercial,1129.62,2034.62,6/6/2025
Karney Gallehock,Accounting,soporte,1992.84,2523.84,6/4/2025
Keely Dradey,Business Development,desarrollados,3545.88,4284.88,8/1/2025
King Swabey,Training,soporte,1501.24,1888.24,12/23/2025
Der Stanbridge,Services,sub-gerente,3571.43,3727.43,5/22/2025
Nathalia Sunderland,Research and Development,desarrollados,2381.17,3023.17,2/11/2026
Virgil Ferreras,Training,analista,2630.79,2981.79,3/6/2026
Charyl Cuff,Accounting,comercial,3786.98,4005.98,9/10/2025
Florie Marti,Legal,sub-gerente,2676.84,3016.84,4/19/2026
Elise Thouless,Support,soporte,4662.99,5104.99,4/11/2026
Modestine Wooldridge,Sales,sub-gerente,2715.96,2973.96,7/29/2025
Hunter Worland,Legal,comercial,4814.01,5746.01,4/27/2025
Iorgos Gisborne,Product Management,comercial,4460.27,4984.27,10/22/2025
Wilone Treeby,Business Development,soporte,1925.54,2456.54,3/14/2026
Burch Winspurr,Sales,sub-gerente,1959.64,2342.64,6/26/2025
Thorpe Heersma,Human Resources,desarrollados,4068.42,4717.42,5/16/2025
Fania Simoncini,Business Development,sub-gerente,1667.62,2207.62,9/26/2025
Packston Lowman,Accounting,comercial,4555.52,5534.52,1/30/2026
Flo Basham,Services,sub-gerente,4506.87,4526.87,3/13/2026
Kienan McAnalley,Engineering,comercial,2725.48,2774.48,8/26/2025
Randie Crudgington,Human Resources,gerente,4033.1,4366.1,6/11/2025
Nicol Garner,Accounting,sub-gerente,3405.3,4305.3,7/17/2025
Dannie Kavanagh,Research and Development,comercial,4497.15,4739.15,5/14/2025
Germain Belle,Product Management,soporte,4114.7,4689.7,6/17/2025
Leanor Beckers,Accounting,soporte,1231.73,1411.73,11/11/2025
Ardelia Physic,Sales,desarrollados,2487.77,3407.77,4/15/2026
Nan Botting,Accounting,desarrollados,3569.34,4453.34,12/15/2025
Otis Houliston,Product Management,desarrollados,4989.3,5905.3,9/20/2025
Ariela Iacobo,Sales,gerente,4952.12,4997.12,9/7/2025
Gloriana Lotwich,Training,analista,2661.65,3602.65,2/13/2026
Cristina Quemby,Sales,soporte,1374.56,1710.56,8/7/2025
Lexie Turfus,Accounting,analista,3711.22,3891.22,12/28/2025
Niels Nanni,Sales,comercial,4117.22,4215.22,1/19/2026
Jory Isenor,Marketing,comercial,3091.43,3804.43,8/2/2025
Isabelle Parsall,Engineering,gerente,4112.53,4590.53,4/27/2025
Massimo Phillip,Services,analista,3203.48,3605.48,6/30/2025
Fredrika Scottrell,Marketing,desarrollados,1628.23,1688.23,8/29/2025
Jo-anne Dyet,Support,gerente,1943.75,2071.75,6/27/2025
Fidole Purvis,Engineering,comercial,1396.24,2147.24,9/2/2025
Mitzi Jacks,Support,desarrollados,2920.3,3545.3,2/28/2026
Raymund Ratledge,Engineering,soporte,2708.87,2719.87,2/28/2026
Trevar Franceschi,Product Management,sub-gerente,3848.19,4722.19,1/9/2026
Theobald Arnatt,Sales,desarrollados,4169.21,4723.21,3/12/2026
Nadya Grumley,Engineering,sub-gerente,3961.14,4930.14,12/29/2025
Florencia Grattage,Product Management,soporte,4557.97,5073.97,4/24/2026
Larisa Venditti,Accounting,soporte,3634.25,4581.25,11/19/2025
Gannie Bailie,Services,desarrollados,1590.78,2424.78,5/25/2025
Leicester Moakes,Legal,gerente,2580.74,3516.74,3/31/2026
Flory Leband,Engineering,sub-gerente,1051.5,1624.5,10/9/2025
Gradey Clemson,Human Resources,desarrollados,1445.47,1991.47,12/23/2025
Veronike Disbrey,Legal,desarrollados,2202.16,2827.16,7/14/2025
Clemens Oxtoby,Legal,gerente,2524.88,2908.88,7/6/2025
Elsey Pohling,Legal,analista,4238.6,4734.6,6/8/2025
Tyrone Bezant,Human Resources,gerente,4850.69,5625.69,5/24/2025
Patsy Ilyasov,Engineering,soporte,1341.2,1894.2,12/14/2025
Juditha Deegan,Business Development,analista,3675.27,3716.27,11/13/2025
Jacquelyn Gildersleeve,Legal,gerente,1770.67,2030.67,5/27/2025
Leupold Blackford,Engineering,analista,4360.26,5128.26,8/6/2025
Ezmeralda Gosling,Accounting,gerente,2585.12,2981.12,10/6/2025
Coleen Medlar,Accounting,desarrollados,3434.04,3439.04,3/7/2026
Aridatha Torres,Product Management,gerente,2638.87,3480.87,1/10/2026
Ferne Tother,Sales,desarrollados,3736.06,3845.06,8/3/2025
Blancha Eddins,Marketing,soporte,1685.76,1715.76,6/5/2025
Chandal Sale,Legal,comercial,3378.1,4266.1,11/20/2025
Ellery Tregear,Legal,desarrollados,3684.84,3717.84,6/1/2025
Dyanne Haucke,Training,sub-gerente,4618.28,5571.28,11/9/2025
Janina Burrel,Legal,comercial,4016.89,4170.89,6/16/2025
Eleni Crafts,Training,analista,3478.99,4389.99,2/14/2026
Bunnie Gurr,Sales,comercial,3401.63,3755.63,9/9/2025
Aubrie Gilfoyle,Business Development,soporte,3023.68,3416.68,7/7/2025
Ilse Tarzey,Services,soporte,4750.33,5414.33,9/15/2025
Maible Bottom,Support,analista,2487.31,2933.31,11/13/2025
Bathsheba Chappel,Training,analista,2793.15,2873.15,2/10/2026
Lauren Abramovic,Business Development,soporte,2171.76,2682.76,12/22/2025
Fidel Norcross,Marketing,analista,3764.51,3902.51,6/3/2025
Trixy Milmith,Marketing,comercial,1699.52,2561.52,1/12/2026
Tamiko Stace,Product Management,gerente,1666.36,1729.36,1/17/2026
Allan Wallis,Research and Development,desarrollados,3806.35,3832.35,12/31/2025
Averell Rendall,Business Development,analista,2149.27,2619.27,1/16/2026
Rodina Alesbrook,Business Development,soporte,4592.95,4974.95,3/21/2026
Nappy Santos,Services,soporte,2365.41,3004.41,4/9/2026
Cherye Stoffler,Accounting,gerente,3022.87,3543.87,7/27/2025
Nady Bockings,Engineering,soporte,4575.07,4975.07,6/13/2025
Carmella Crosby,Engineering,comercial,1159.17,1951.17,6/20/2025
Sammy Gianolini,Services,analista,2686.45,3646.45,11/24/2025
Bond Hylands,Accounting,gerente,3128.86,3979.86,8/10/2025
Candi Ilett,Services,sub-gerente,3955.88,4928.88,1/23/2026
Elise Hairsine,Business Development,gerente,3290.97,4101.97,4/8/2026
Sapphire Sneller,Services,analista,1394.56,1756.56,1/16/2026
Orel Ruckhard,Support,soporte,1379.99,2161.99,11/18/2025
Cthrine Salvage,Business Development,analista,1483.32,1953.32,7/21/2025
Danella Tremathack,Marketing,sub-gerente,3650.36,3652.36,5/19/2025
Barney Bonifazio,Research and Development,sub-gerente,1926.18,2646.18,12/22/2025
Clevey Murname,Product Management,gerente,1610.77,1627.77,10/4/2025
Renell Wyke,Product Management,sub-gerente,1092.73,1708.73,3/8/2026
Barby Stelljes,Marketing,desarrollados,3918.29,4051.29,7/19/2025
Fawne Reason,Training,desarrollados,2315.07,2609.07,5/9/2025
Rozina Melloy,Training,soporte,4995.19,5530.19,7/21/2025
Kata Fodden,Business Development,comercial,3786.78,4494.78,11/8/2025
Codie Texton,Research and Development,comercial,3227.95,3534.95,1/15/2026
Artie Oliveti,Legal,analista,1317.0,2040.0,1/2/2026
Venita Pawlata,Engineering,desarrollados,3241.3,3409.3,7/7/2025
Kendrick Savill,Training,gerente,2741.05,3611.05,1/12/2026
Hewie Dunstall,Human Resources,gerente,1499.3,1962.3,11/28/2025
Tabbitha Limeburn,Product Management,comercial,3132.04,3916.04,2/28/2026
Hadrian Lubman,Engineering,soporte,2462.14,3040.14,10/30/2025
Barbra Tarplee,Engineering,gerente,3042.11,3052.11,12/15/2025
Kelly Nipper,Business Development,analista,1871.29,2373.29,11/7/2025
Moritz Inseal,Training,soporte,1226.59,2161.59,9/22/2025
Melantha Dulwich,Accounting,comercial,2665.67,3118.67,6/26/2025
Munroe Sessuns,Accounting,analista,1413.38,2059.38,2/20/2026
Costanza Stutte,Marketing,gerente,3840.51,4289.51,11/7/2025
Hebert Karolczyk,Sales,soporte,4689.43,4891.43,8/9/2025
Joscelin Audley,Product Management,soporte,1423.17,1646.17,6/2/2025
Catharina Durnell,Accounting,gerente,2171.95,2823.95,9/17/2025
Johnathon Yarnall,Support,gerente,1985.41,2939.41,1/13/2026
Etheline Holdey,Human Resources,soporte,3334.3,3491.3,8/16/2025
Marion Chuney,Training,soporte,1973.24,2574.24,12/6/2025
Gilburt Judgkins,Sales,comercial,2294.99,2807.99,4/24/2026
Darius Mitchenson,Support,sub-gerente,1978.27,2033.27,7/19/2025
Pen Astill,Services,comercial,1476.12,1978.12,7/27/2025
Berton O'Heneghan,Engineering,desarrollados,4654.33,5428.33,7/27/2025
Davon Gatecliffe,Accounting,gerente,4811.22,5652.22,9/30/2025
Teriann Effnert,Marketing,soporte,3009.57,3362.57,5/23/2025
Templeton Teml,Support,gerente,3877.58,4346.58,3/20/2026
Florence Koppen,Marketing,comercial,3681.67,3936.67,12/19/2025
Robert Bever,Legal,comercial,3547.16,3997.16,12/13/2025
Alwin Mabee,Engineering,sub-gerente,3594.07,4122.07,8/10/2025
Sena Rugg,Support,desarrollados,4153.55,4847.55,3/17/2026
Josepha Malan,Support,soporte,2853.47,3838.47,10/10/2025
Sadie Tailby,Support,sub-gerente,2233.93,2997.93,5/11/2025
Carla Yakuntsov,Marketing,soporte,4284.33,4740.33,7/29/2025
Cortie Olczak,Legal,analista,1211.92,1480.92,5/2/2025
Alissa Gregory,Accounting,sub-gerente,3049.43,3883.43,1/14/2026
Kale Julyan,Product Management,desarrollados,1724.67,2171.67,11/4/2025
Piotr Rossborough,Legal,desarrollados,3820.2,4538.2,9/27/2025
Barnie Libreros,Legal,sub-gerente,1686.06,1746.06,1/30/2026
Krispin Shilvock,Product Management,comercial,2708.41,2839.41,12/19/2025
Rhetta Slafford,Support,soporte,3603.83,3670.83,8/13/2025
Etti Halso,Human Resources,gerente,2614.83,3339.83,6/18/2025
Annamarie Daniello,Sales,analista,2720.66,2971.66,9/12/2025
Pippa Rubenchik,Business Development,gerente,3126.97,3199.97,9/30/2025
Carmine Castellanos,Marketing,soporte,3755.09,4031.09,5/3/2025
Dionysus Yakubovich,Business Development,comercial,4415.01,5079.01,9/28/2025
Fraser Trinke,Research and Development,sub-gerente,1860.28,2125.28,2/10/2026
Charlotte Tordiffe,Accounting,desarrollados,4990.65,5124.65,6/17/2025
Monte Trotter,Human Resources,analista,1870.18,2002.18,5/18/2025
Dulcinea Lomasna,Training,comercial,1588.7,1874.7,7/15/2025
Terencio Daltry,Legal,sub-gerente,1543.23,2043.23,7/20/2025
Haroun Charlotte,Legal,analista,1178.42,1542.42,12/18/2025
Rriocard Nuttall,Sales,gerente,2431.75,2880.75,3/29/2026
Ailee Lilford,Human Resources,soporte,1066.5,1748.5,10/5/2025
Keriann Gotecliffe,Accounting,comercial,3009.36,3179.36,11/12/2025
Cello Francisco,Support,desarrollados,2478.33,3360.33,5/14/2025
Sonnie Manssuer,Business Development,comercial,4971.82,5547.82,1/5/2026
Anjela Hovee,Research and Development,sub-gerente,1882.6,2312.6,1/23/2026
Mordecai Skupinski,Human Resources,soporte,1968.54,2132.54,9/6/2025
Farleigh Lyndon,Product Management,soporte,3920.66,4527.66,5/28/2025
Gordy Rowlings,Human Resources,analista,3717.45,4028.45,11/23/2025
Devora Ivanaev,Services,desarrollados,3553.78,4470.78,3/14/2026
Pancho Taylor,Support,sub-gerente,3560.99,3851.99,10/11/2025
Mike Canham,Services,soporte,2852.06,3180.06,9/28/2025
Natale Jachimczak,Support,soporte,1556.88,2534.88,11/9/2025
Maxy Galilee,Engineering,gerente,3676.26,4467.26,5/26/2025
Maddy McClaughlin,Business Development,soporte,4468.81,5224.81,7/14/2025
Rora Corlett,Human Resources,gerente,1083.38,1152.38,9/1/2025
Berke Chattelaine,Sales,desarrollados,3273.95,4154.95,12/2/2025
Katharyn MacDearmid,Human Resources,sub-gerente,4961.89,4988.89,10/13/2025
Erinna Boddie,Training,sub-gerente,2587.07,2995.07,1/1/2026
Olly Szimon,Training,sub-gerente,1132.02,2066.02,6/8/2025
Elane Cleve,Business Development,gerente,2071.71,3012.71,8/29/2025
Ardenia Clemetts,Business Development,soporte,1941.72,2436.72,6/5/2025
Marne Dawkes,Marketing,soporte,1268.92,1370.92,1/18/2026
Georgianne Hemeret,Product Management,analista,2042.49,2739.49,7/11/2025
Rosy Charity,Training,desarrollados,2094.79,2668.79,12/27/2025
Quinn Dennington,Human Resources,soporte,1929.57,2543.57,3/26/2026
Loralie Carayol,Services,desarrollados,3096.25,3555.25,9/13/2025
Maryjane Andino,Product Management,sub-gerente,4977.01,5122.01,7/2/2025
Ferdy Dishmon,Services,sub-gerente,4447.72,5043.72,10/24/2025
Sarette Coolbear,Engineering,gerente,1434.77,2392.77,7/7/2025
Evangelina Estabrook,Support,sub-gerente,4080.36,4681.36,11/20/2025
Erny Dallas,Engineering,soporte,1007.52,1145.52,1/23/2026
Horst Rewan,Legal,desarrollados,1027.37,1168.37,8/26/2025
Kirsteni Sprowson,Accounting,gerente,2425.25,3270.25,4/15/2026
Land Fabbro,Legal,sub-gerente,1417.69,2003.69,11/18/2025
Marcie Bartalini,Marketing,soporte,4516.58,4840.58,10/17/2025
Koenraad Grayland,Product Management,comercial,2167.15,2489.15,4/17/2026
Daria Shemming,Services,soporte,2743.08,3277.08,8/29/2025
Costa Rulton,Training,desarrollados,3332.5,3636.5,4/20/2026
Jean Pyffe,Legal,gerente,2556.37,3209.37,9/17/2025
Neville Mandell,Product Management,desarrollados,2877.94,3261.94,4/26/2025
Anna-maria Goddert.sf,Business Development,soporte,1716.23,2324.23,5/26/2025
Iggy Eaddy,Accounting,desarrollados,1810.31,2523.31,2/14/2026
Charlene Dieton,Marketing,desarrollados,2032.83,2504.83,4/21/2026
Haroun Howling,Accounting,soporte,3430.09,4036.09,9/18/2025
Evania Dohmer,Training,soporte,4552.97,4701.97,12/17/2025
Salomone Sawyers,Accounting,desarrollados,1042.24,1683.24,9/18/2025
Lydia Hedden,Human Resources,comercial,2292.27,2471.27,3/20/2026
Karlens Deverille,Research and Development,gerente,2369.41,2798.41,10/13/2025
Harry Saggers,Business Development,soporte,3909.22,3995.22,8/23/2025
Eliza Mulqueen,Marketing,sub-gerente,1112.72,1602.72,10/6/2025
Kari Mattam,Marketing,comercial,1240.84,2119.84,6/13/2025
Ethelbert Caudell,Legal,sub-gerente,2199.4,3138.4,6/14/2025
Pen Surr,Business Development,comercial,4550.19,5212.19,1/22/2026
Mordecai Adie,Business Development,desarrollados,4174.02,4412.02,1/20/2026
Malanie Callister,Training,gerente,4222.97,4226.97,9/26/2025
Minda Gilcrist,Research and Development,soporte,2990.39,3753.39,11/26/2025
Ricard Siaskowski,Support,sub-gerente,1154.56,2050.56,9/7/2025
Aila Marzele,Sales,gerente,4716.88,4938.88,2/2/2026
Pietro Harrhy,Sales,gerente,4444.27,5024.27,11/17/2025
Celka Edgecombe,Human Resources,comercial,1627.94,1715.94,2/22/2026
Chip Dullard,Training,sub-gerente,4201.1,4881.1,3/21/2026
Adella Doy,Legal,gerente,1657.64,2601.64,10/23/2025
Ardys Slocomb,Research and Development,soporte,2991.72,3702.72,6/2/2025
Pembroke Westgarth,Services,gerente,3718.13,3844.13,12/14/2025
Birk Pietrzak,Sales,comercial,4496.5,5391.5,11/20/2025
Gardie Pideon,Business Development,comercial,1477.02,2316.02,8/28/2025
Renate Spalton,Engineering,desarrollados,4178.22,4793.22,8/20/2025
Margery Colbran,Human Resources,desarrollados,2043.14,2458.14,7/21/2025
Michele Fancy,Sales,analista,1545.38,2235.38,4/6/2026
Barbra Jordeson,Human Resources,desarrollados,4929.35,5358.35,5/12/2025
Parrnell O'Glessane,Marketing,comercial,2807.14,3125.14,8/15/2025
Cecilla MacRierie,Sales,comercial,2010.42,2622.42,12/27/2025
Corbin Spilling,Support,desarrollados,1565.55,2191.55,7/9/2025
Hilario Werndly,Marketing,desarrollados,2695.08,3659.08,5/4/2025
Cindi Domenc,Human Resources,comercial,2443.7,3356.7,7/1/2025
Seana Birkhead,Engineering,soporte,2621.1,3617.1,2/9/2026
Bank Vanini,Sales,comercial,4442.44,4643.44,4/30/2025
Morena Booton,Engineering,comercial,3305.46,3864.46,8/16/2025
Phyllis Mylchreest,Training,soporte,2116.22,2858.22,5/13/2025
Anderson Alf,Engineering,desarrollados,3497.75,4066.75,10/23/2025
Nickolas Kordova,Engineering,comercial,4244.98,4355.98,7/29/2025
Collen Dunthorn,Legal,desarrollados,3945.27,4056.27,6/3/2025
Del Mannin,Product Management,analista,4152.6,4964.6,7/22/2025
Burtie Edser,Product Management,soporte,2496.07,3160.07,8/24/2025
Benjy Patchett,Sales,sub-gerente,3895.64,4449.64,7/4/2025
Dalt Castagnasso,Product Management,desarrollados,4676.76,4879.76,12/31/2025
Odille Lugden,Services,gerente,1332.09,2330.09,1/24/2026
Kial Swindells,Product Management,soporte,2533.57,3331.57,8/24/2025
Dayna Brisland,Legal,sub-gerente,3817.4,4792.4,12/22/2025
Barby Mattheis,Training,sub-gerente,3169.8,3469.8,1/19/2026
Porty Svanini,Legal,analista,1670.55,2505.55,10/25/2025
Brooke Retallick,Product Management,comercial,1190.44,1922.44,6/26/2025
Gabriellia Wolstencroft,Services,desarrollados,4947.94,5163.94,5/19/2025
Otha Turton,Legal,gerente,4646.46,4767.46,6/23/2025
Hanni Charrette,Accounting,sub-gerente,4859.34,5536.34,1/11/2026
Carlie Mebs,Human Resources,soporte,3984.56,4344.56,3/30/2026
Nolana Batty,Services,desarrollados,1378.68,1543.68,9/15/2025
Alfy Perrat,Engineering,soporte,3934.18,4698.18,4/15/2026
Maggie Stolli,Human Resources,comercial,3077.92,3597.92,1/22/2026
Joell Horrigan,Accounting,soporte,2125.85,3010.85,12/25/2025
Dredi Bourges,Research and Development,gerente,3873.47,4871.47,11/5/2025
El Gregoretti,Legal,comercial,1040.6,1841.6,3/28/2026
Gayel Towersey,Training,gerente,2802.69,3291.69,2/6/2026
Dino Oldfield-Cherry,Sales,analista,1522.06,1797.06,2/4/2026
Oby Villiers,Human Resources,analista,1319.79,2262.79,9/30/2025
Odille Hovie,Business Development,comercial,3283.73,4227.73,4/21/2026
Herrick Lemarie,Engineering,gerente,3999.41,4984.41,9/19/2025
Lissy Mcasparan,Support,soporte,1654.49,1993.49,12/26/2025
Zebedee McKeney,Marketing,comercial,4541.49,4823.49,6/27/2025
Barbara-anne MacMurray,Research and Development,analista,2711.65,3033.65,11/20/2025
Lurleen Cottrell,Sales,desarrollados,1777.71,2288.71,10/21/2025
Ivonne Gilbard,Engineering,comercial,4593.97,5139.97,2/9/2026
Tan Christensen,Marketing,desarrollados,2595.43,3452.43,1/9/2026
Mattias Shirley,Marketing,gerente,4261.64,4419.64,1/28/2026
Purcell Enevold,Sales,analista,3880.79,4307.79,6/8/2025
Marshall Milella,Sales,soporte,4937.77,5106.77,9/18/2025
Lefty Stile,Business Development,gerente,3767.73,4760.73,4/28/2025
Julian Norsister,Training,comercial,3057.26,3963.26,6/11/2025
Lela Tomkies,Services,sub-gerente,3685.67,4192.67,8/9/2025
Dell Chominski,Marketing,desarrollados,2006.39,2327.39,8/3/2025
Carlin Dudson,Training,gerente,1664.2,2178.2,10/25/2025
Ramsey Labden,Support,comercial,1638.74,2207.74,2/9/2026
Herc Dell Casa,Business Development,comercial,4486.63,5230.63,12/5/2025
Marshal Kentish,Human Resources,soporte,4103.28,4426.28,12/20/2025
Valeria Deville,Services,comercial,1610.91,2353.91,12/30/2025
Tiphany Hampe,Research and Development,sub-gerente,2569.51,2674.51,10/1/2025
Celie Wallach,Marketing,analista,1712.02,1978.02,10/19/2025
Odey Davidde,Sales,comercial,2146.94,3037.94,11/27/2025
Elyse Luckham,Training,desarrollados,4998.01,5315.01,5/27/2025
Steven Aspray,Marketing,gerente,3349.62,3490.62,5/8/2025
Vilhelmina Gawthorp,Engineering,gerente,4212.58,5159.58,4/6/2026
King Mathwin,Support,sub-gerente,4797.69,5164.69,11/14/2025
Eric Dyett,Legal,sub-gerente,2315.22,3012.22,1/26/2026
Marlo Carslaw,Sales,comercial,3746.08,4228.08,2/15/2026
Hilary Posselwhite,Human Resources,desarrollados,3674.58,4375.58,8/10/2025
Allsun Weavers,Training,sub-gerente,4012.19,4364.19,8/23/2025
Marnia Stellin,Training,gerente,2782.48,3073.48,2/9/2026
Reuben Rossbrooke,Legal,gerente,2745.51,2920.51,1/11/2026
Sidonnie Wewell,Services,comercial,1780.39,1823.39,4/27/2025
Fifi Passingham,Accounting,comercial,1299.37,1517.37,4/27/2025
Nicolette Caraher,Human Resources,gerente,3365.27,4252.27,5/9/2025
Patin Wellan,Product Management,analista,3386.17,3533.17,5/11/2025
Rafaelita Isgar,Accounting,analista,2480.08,3319.08,12/23/2025
Lutero Ingyon,Accounting,desarrollados,4056.33,4845.33,10/2/2025
Larine Kydd,Product Management,soporte,3021.84,3653.84,6/19/2025
Jude Guyot,Accounting,gerente,3655.05,4446.05,5/16/2025
Chelsie Gianolo,Services,gerente,4834.36,5684.36,9/14/2025
Marlane Romayne,Research and Development,desarrollados,3757.72,3916.72,9/26/2025
Israel Grishin,Accounting,desarrollados,1874.89,2525.89,6/11/2025
Danice Vautier,Support,gerente,1816.64,2350.64,1/1/2026
Toma Valdes,Human Resources,desarrollados,2888.91,3327.91,11/26/2025
Catlin Itschakov,Legal,gerente,3514.13,4065.13,1/1/2026
Florian Ciotti,Accounting,soporte,3982.49,4098.49,8/16/2025
Ruby Dallman,Human Resources,gerente,3503.75,3611.75,10/25/2025
Coralie Ishak,Marketing,comercial,2417.37,3234.37,12/19/2025
Matt Yushmanov,Support,soporte,1785.64,2544.64,9/25/2025
Rebecca Markel,Business Development,sub-gerente,1651.21,2257.21,9/7/2025
Nate Zoppie,Engineering,desarrollados,2656.49,2698.49,5/18/2025
Flem Hankard,Marketing,gerente,3260.86,3707.86,5/22/2025
Jilly Aire,Support,comercial,3341.37,3983.37,2/11/2026
Base Sircombe,Sales,gerente,1720.46,1747.46,5/7/2025
Vachel Melby,Business Development,soporte,3914.82,4789.82,2/5/2026
Alys Slay,Legal,gerente,2195.33,2599.33,8/15/2025
Inglebert Evins,Accounting,soporte,1204.92,1833.92,2/5/2026
Nomi Chang,Services,soporte,1590.72,1840.72,11/7/2025
Margaretha Demanche,Legal,sub-gerente,4377.07,4650.07,5/1/2025
Rivi Claxson,Training,desarrollados,4072.76,4444.76,2/8/2026
Nance Heffron,Legal,comercial,2998.86,3370.86,10/28/2025
Jordan Cotelard,Engineering,sub-gerente,2703.48,3454.48,5/25/2025
Rani Ruttgers,Services,gerente,3357.07,3714.07,3/30/2026
Dall Cisco,Research and Development,analista,2713.3,3319.3,3/21/2026
Nicky Davidovitch,Training,gerente,2309.14,2982.14,5/13/2025
Moises Worswick,Services,soporte,4031.34,4824.34,10/15/2025
Felicio Mowbray,Services,gerente,1839.89,2462.89,2/5/2026
Falito Shotton,Engineering,comercial,3198.44,3670.44,1/9/2026
Lawry Betton,Engineering,analista,3782.04,4628.04,10/15/2025
Garold Remmer,Accounting,desarrollados,1322.23,2078.23,8/15/2025
Ron Ranken,Research and Development,analista,2497.5,3406.5,2/28/2026
Sheridan Wilsdon,Training,gerente,2186.74,2331.74,3/4/2026
Eimile Zeal,Services,soporte,3705.63,3880.63,5/5/2025
Nettie Vivash,Accounting,sub-gerente,3085.55,3645.55,12/6/2025
Arturo McBoyle,Business Development,comercial,2012.48,2013.48,9/18/2025
Stormi Kornel,Engineering,sub-gerente,4111.57,4341.57,6/13/2025
Pandora Gowanson,Marketing,comercial,2622.46,2937.46,10/18/2025
Rosalinde Boxill,Services,analista,1309.71,1389.71,3/4/2026
Enrika Klemz,Support,sub-gerente,2085.85,2978.85,2/9/2026
Thorndike Van't Hoff,Accounting,comercial,1524.84,1591.84,5/26/2025
Zechariah Antonietti,Research and Development,gerente,1313.96,2186.96,6/26/2025
Brnaby Colaco,Engineering,gerente,1285.32,2036.32,9/27/2025
Rutledge Oppery,Marketing,analista,1811.7,2670.7,2/14/2026
Reinold McCurdy,Legal,comercial,3779.63,3911.63,2/4/2026
Shirlee Brahm,Marketing,gerente,2656.98,2702.98,12/14/2025
Natala Serot,Product Management,soporte,4356.03,4739.03,2/15/2026
Sula Peacock,Product Management,sub-gerente,4848.51,5176.51,4/27/2025
Ronnie Lilburne,Training,gerente,4235.66,4475.66,8/2/2025
Towney Overy,Accounting,soporte,1904.99,2140.99,9/24/2025
Ferdie Crighton,Services,soporte,4230.73,4573.73,11/25/2025
Wendell Mammatt,Marketing,sub-gerente,1424.02,2390.02,2/17/2026
Sebastien Vickery,Product Management,analista,1027.24,1607.24,9/2/2025
Ring Fairbourne,Engineering,soporte,1409.43,1487.43,3/6/2026
Herculie Sekulla,Services,sub-gerente,4371.15,4417.15,5/20/2025
Fraze Sanzio,Sales,comercial,1863.49,2623.49,11/29/2025
Freddi Walworche,Services,gerente,4622.47,4627.47,4/29/2025
Willabella Spragge,Support,desarrollados,2368.07,2758.07,5/20/2025
Bald Tarver,Support,sub-gerente,1213.75,1972.75,9/21/2025
Collette Fazakerley,Training,analista,2941.82,3293.82,4/24/2026
Franny Bonnefin,Engineering,comercial,3021.14,3715.14,9/2/2025
Frank Malcolmson,Training,analista,3091.15,3324.15,6/6/2025
Ronalda Caspell,Human Resources,analista,2658.55,3168.55,4/26/2025
Garvy Nannoni,Product Management,desarrollados,2222.79,2291.79,11/16/2025
Buiron Boundley,Support,gerente,3784.31,4735.31,11/13/2025
Urbano Rabbitts,Accounting,comercial,2590.45,3339.45,5/2/2025
Nelia Deathridge,Services,gerente,1906.63,2496.63,8/17/2025
Wyatan Cool,Support,analista,2750.49,3163.49,9/9/2025
Lilith Winterbottom,Support,analista,4745.22,5019.22,9/5/2025
Mariska Jedrzejkiewicz,Business Development,gerente,2285.81,2358.81,12/19/2025
Sherman Cunio,Business Development,gerente,3737.5,4645.5,4/24/2026
Blithe McDonogh,Sales,gerente,4271.94,4807.94,2/7/2026
Eddie McGrowther,Training,analista,1801.49,2587.49,11/30/2025
Charley Le Jean,Product Management,comercial,4032.48,4783.48,6/30/2025
Derril Lewton,Support,soporte,3167.34,4087.34,3/19/2026
Olav Jerzycowski,Engineering,soporte,3401.2,4176.2,3/21/2026
Michal Minton,Engineering,comercial,2164.26,2702.26,9/10/2025
Molli Bastock,Services,soporte,4285.38,4471.38,3/2/2026
Kippie Leyburn,Business Development,desarrollados,4082.28,4415.28,9/12/2025
Royall Rubega,Training,desarrollados,2566.76,3362.76,6/13/2025
Sada Mulkerrins,Services,comercial,2724.62,2901.62,3/15/2026
Violetta Butt Gow,Sales,analista,3007.82,3785.82,2/1/2026
Brandea Stirgess,Engineering,soporte,2105.83,2974.83,1/2/2026
Cosetta Dust,Marketing,analista,2278.31,2804.31,11/27/2025
Borg Tembey,Human Resources,desarrollados,3053.33,3299.33,2/3/2026
Marjie Cowthard,Business Development,desarrollados,3922.25,4587.25,7/27/2025
Boniface Vanyushkin,Legal,soporte,4668.46,5245.46,1/14/2026
Boot Burney,Engineering,analista,2438.26,2608.26,5/14/2025
Gabby Bodell,Sales,gerente,2184.42,2561.42,8/9/2025
Coletta Barizeret,Services,gerente,4509.66,5350.66,8/7/2025
Faydra Eddowes,Support,desarrollados,2345.24,2670.24,3/3/2026
Cherilynn Codi,Research and Development,desarrollados,3462.19,3754.19,9/10/2025
Stavro Greystock,Engineering,analista,2367.45,3344.45,10/22/2025
Harmony Pargent,Engineering,desarrollados,2624.99,3426.99,9/7/2025
Dawna Fiddiman,Legal,sub-gerente,3107.11,3467.11,9/3/2025
Blair Killingbeck,Training,gerente,1559.75,1869.75,1/14/2026
Katina Edwick,Training,comercial,2792.71,3247.71,5/8/2025
Bryant Giannini,Legal,gerente,1254.92,1419.92,9/6/2025
Trenna Sparwell,Training,comercial,1495.0,1734.0,4/10/2026
Vyky Derry,Marketing,sub-gerente,2478.85,3049.85,12/27/2025
Kaylyn Coolican,Engineering,soporte,1930.15,2551.15,3/3/2026
Nelia Margrem,Sales,comercial,2775.02,3100.02,11/15/2025
Lowell Mangion,Product Management,analista,4478.35,4985.35,9/21/2025
Egan Babidge,Training,soporte,2546.44,2634.44,10/30/2025
Valeria Redferne,Product Management,soporte,3562.0,3745.0,6/26/2025
Marcel Brownsill,Accounting,comercial,1802.88,1846.88,7/1/2025
Julio Maddocks,Marketing,desarrollados,3929.71,4034.71,9/6/2025
Lester Priestner,Engineering,comercial,1459.9,2063.9,3/13/2026
Ginevra Loughren,Sales,desarrollados,1155.1,1312.1,9/15/2025
Clareta De Blasi,Training,comercial,1660.47,1828.47,12/1/2025
Caleb Hollington,Support,sub-gerente,1560.69,1889.69,2/22/2026
Esma Derell,Support,analista,4794.9,5597.9,10/29/2025
Dominique Josum,Sales,comercial,4259.08,4674.08,2/2/2026
Kristyn Masdon,Business Development,sub-gerente,1425.91,2357.91,1/8/2026
Normie Eseler,Training,soporte,3338.98,3414.98,5/17/2025
Mordecai Gligori,Training,analista,4205.74,4525.74,4/24/2026
Gan Mainson,Human Resources,soporte,4929.49,5220.49,4/14/2026
Dalia Fowden,Training,desarrollados,4309.44,5100.44,10/31/2025
Anny Hlavecek,Research and Development,analista,2213.33,2699.33,5/10/2025
Iolande Dawton,Legal,gerente,3399.47,3469.47,12/28/2025
Colene De Bell,Human Resources,sub-gerente,4243.09,4414.09,7/17/2025
Farah Dranfield,Human Resources,sub-gerente,3792.4,4452.4,7/18/2025
Melita Seally,Support,analista,2826.8,3363.8,12/30/2025
Dallas Learoyde,Services,comercial,3290.84,3878.84,5/1/2025
Joanna Kinze,Marketing,desarrollados,2660.08,3346.08,6/30/2025
Hadrian Amber,Sales,desarrollados,2564.7,3326.7,6/5/2025
Goddart Cowern,Sales,desarrollados,3417.78,3586.78,6/28/2025
Sigfrid Hogben,Legal,desarrollados,2967.05,3572.05,4/18/2026
Blinny Castle,Accounting,comercial,1001.75,1371.75,6/13/2025
Linda Lanyon,Engineering,soporte,3020.37,3420.37,3/7/2026
Petr Cuniffe,Marketing,sub-gerente,2154.43,2241.43,6/19/2025
Twila Mulqueeny,Accounting,sub-gerente,2795.84,3774.84,5/4/2025
Elnore Andrault,Research and Development,gerente,2003.07,2647.07,12/21/2025
Lilah Carradice,Product Management,gerente,2607.59,3050.59,12/27/2025
Darryl Phlipon,Services,gerente,1602.42,2125.42,1/28/2026
Heather Kalinsky,Research and Development,soporte,3046.44,3880.44,12/26/2025
Lilllie MacCurtain,Legal,sub-gerente,3072.59,3963.59,1/16/2026
Odell Daniell,Human Resources,soporte,1506.22,2408.22,2/1/2026
Saw Grand,Business Development,desarrollados,1828.77,2697.77,9/29/2025
Lissa Hegel,Research and Development,analista,1118.96,1293.96,4/8/2026
Stevana Perri,Training,gerente,2726.59,2929.59,2/18/2026
Oberon Hartzenberg,Accounting,desarrollados,1378.14,2268.14,4/11/2026
Wendeline Draayer,Accounting,comercial,2539.02,3140.02,1/29/2026
Lynna Gilstin,Services,soporte,4068.22,4711.22,12/20/2025
Waverley Curness,Accounting,analista,2589.78,3403.78,6/9/2025
Arlee Averill,Services,analista,4036.83,4222.83,9/22/2025
Shoshana Fitton,Research and Development,analista,4296.43,5210.43,3/7/2026
Derrik Hellard,Product Management,sub-gerente,3077.76,3525.76,3/17/2026
Dahlia Breffit,Business Development,comercial,3877.07,4057.07,8/15/2025
Claus Morais,Human Resources,gerente,1062.9,1984.9,3/5/2026
Kenyon Dartan,Legal,gerente,3615.14,4524.14,3/12/2026
Kordula Laetham,Marketing,soporte,3428.64,4044.64,5/5/2025
Cirstoforo Swinfen,Accounting,analista,2819.38,3501.38,11/19/2025
Timothy Laetham,Research and Development,analista,4801.68,5761.68,5/27/2025
Huntlee Pourvoieur,Training,gerente,3219.52,3848.52,3/24/2026
Norbie Strevens,Legal,gerente,1678.82,2232.82,3/15/2026
Dari MacCarlich,Business Development,gerente,3032.88,3880.88,10/14/2025
Diena Ledwich,Business Development,comercial,1080.32,1653.32,5/5/2025
Leeann Falloon,Research and Development,desarrollados,2013.43,2823.43,7/17/2025
Garv Golagley,Legal,analista,2696.35,3123.35,5/25/2025
Alyce Goodhall,Engineering,analista,2880.66,3105.66,2/19/2026
Elsy Brashaw,Research and Development,comercial,2448.78,3362.78,3/22/2026
Georgette Chadwyck,Engineering,analista,3688.18,4143.18,11/9/2025
Helena Burnep,Legal,comercial,1015.4,1047.4,8/3/2025
Lyn Daymont,Support,analista,1695.91,2232.91,5/10/2025
Baxter Chatelain,Engineering,desarrollados,2429.64,3364.64,8/24/2025
Molli Garment,Human Resources,gerente,3927.15,4151.15,10/2/2025
Stephan Ogles,Sales,sub-gerente,1582.19,1668.19,2/6/2026
Cullen Hallan,Legal,sub-gerente,2009.21,2773.21,5/21/2025
Stacie Daniell,Engineering,desarrollados,2973.34,3140.34,3/15/2026
Teodoro Cordall,Research and Development,desarrollados,1666.99,2020.99,2/1/2026
Giacinta Dann,Services,analista,1325.96,1671.96,6/10/2025
Darlleen Grundon,Training,gerente,4476.92,4726.92,1/27/2026
Sella Scamerden,Services,gerente,4752.62,5726.62,12/4/2025
Tommie Lowrance,Services,desarrollados,2018.5,2379.5,6/26/2025
Norah O'Scanlon,Accounting,desarrollados,3122.67,3910.67,10/6/2025
Gerri Blondel,Training,comercial,2882.59,2979.59,11/14/2025
Silva Dumbreck,Accounting,analista,1744.5,1975.5,11/30/2025
Otis Jozwicki,Sales,gerente,2007.77,2340.77,4/11/2026
Allyson Burchatt,Business Development,gerente,3180.9,3417.9,5/27/2025
Rutledge Verey,Engineering,sub-gerente,1027.06,1296.06,8/21/2025
Giorgio Farquharson,Sales,soporte,3702.08,3855.08,5/24/2025
Doralynne Baynes,Accounting,analista,2703.12,3078.12,5/19/2025
Bob Webben,Legal,gerente,1989.1,2915.1,2/8/2026
Traci Lyffe,Product Management,soporte,1262.68,1794.68,4/9/2026
Rabi Gocher,Accounting,comercial,1302.24,2063.24,9/19/2025
Otto Feaviour,Product Management,gerente,1482.01,1705.01,12/18/2025
Sherilyn Madner,Human Resources,comercial,3750.13,4002.13,10/8/2025
Jenda Brambill,Business Development,soporte,2884.76,3775.76,6/19/2025
Berkeley Cramer,Engineering,sub-gerente,4193.79,4360.79,9/28/2025
Cleo Quilter,Accounting,analista,3290.5,3745.5,9/28/2025
Willis Codrington,Sales,sub-gerente,2781.06,3648.06,5/15/2025
Kendricks Gibb,Business Development,desarrollados,4986.5,5801.5,3/27/2026
Paul Gillyett,Legal,comercial,2281.54,3201.54,7/2/2025
Tyrus Tootell,Product Management,soporte,2416.25,3144.25,2/13/2026
Lacy McCullum,Accounting,soporte,4695.47,5461.47,7/10/2025
Maegan Du Plantier,Product Management,sub-gerente,4456.22,5330.22,8/14/2025
Fannie Dunwoody,Services,comercial,1155.64,2096.64,4/20/2026
Hershel Stollberg,Training,gerente,2119.97,2647.97,7/19/2025
Irv Goodman,Product Management,analista,1576.21,1872.21,5/26/2025
Gail Zealander,Training,sub-gerente,1270.31,1738.31,3/21/2026
Leilah Handrek,Marketing,sub-gerente,1205.71,1718.71,3/31/2026
Yovonnda Stoffersen,Research and Development,gerente,1743.75,2160.75,7/31/2025
Everett Brithman,Marketing,soporte,1782.58,1932.58,5/10/2025
Innis Crowne,Sales,gerente,4796.72,5018.72,9/10/2025
Britte Crowter,Marketing,soporte,2226.98,2357.98,12/8/2025
Tedmund Madsen,Product Management,sub-gerente,2065.93,2444.93,11/29/2025
Adlai Welbelove,Legal,desarrollados,1296.76,1981.76,1/15/2026
Ailyn Cheeseman,Sales,comercial,1245.1,2108.1,10/11/2025
Jocko Tulk,Accounting,desarrollados,1662.92,2286.92,5/11/2025
Sisile Hischke,Marketing,sub-gerente,1566.46,1764.46,3/8/2026
Bartholemy Bohden,Legal,sub-gerente,3876.8,4442.8,2/21/2026
Tatiana Ingle,Business Development,desarrollados,3541.27,4006.27,12/2/2025
Barry Waggitt,Marketing,sub-gerente,4735.58,4909.58,8/14/2025
Pattie Stonbridge,Human Resources,soporte,3869.63,4560.63,1/17/2026
Gian Harflete,Research and Development,sub-gerente,3910.08,4325.08,11/1/2025
Garvin Bowsher,Services,desarrollados,3001.89,3135.89,12/14/2025
Edd Waddam,Services,sub-gerente,2547.36,3091.36,4/11/2026
Anthiathia Warrener,Accounting,analista,1301.41,2300.41,8/21/2025
Gwenneth Hasnip,Engineering,analista,2558.91,3296.91,3/6/2026
Pedro Bahia,Training,soporte,1583.63,2525.63,12/12/2025
Tiphanie Mixter,Engineering,desarrollados,4268.52,5034.52,7/16/2025
Walliw Euels,Training,soporte,1326.66,1640.66,12/2/2025
Dyann Blazynski,Sales,comercial,1733.19,2329.19,4/1/2026
Felicdad Faulkes,Accounting,gerente,2079.0,2944.0,8/12/2025
Gayle Wiltshier,Sales,soporte,2990.88,3323.88,4/25/2025
Vachel Brave,Training,comercial,2408.77,2820.77,2/11/2026
Carlynn Jewitt,Product Management,desarrollados,1433.96,2367.96,4/28/2025
Alberik Altamirano,Sales,sub-gerente,1101.59,1140.59,10/21/2025
Abba Dobbins,Engineering,comercial,4484.3,5425.3,5/29/2025
Dolley Janc,Business Development,gerente,4588.07,5499.07,10/5/2025
Eve Musso,Human Resources,comercial,4777.74,4894.74,5/9/2025
Kerwinn Holtum,Business Development,desarrollados,1816.31,2353.31,2/8/2026
Crin Willerstone,Research and Development,comercial,4988.52,5939.52,10/13/2025
Sarina Criple,Human Resources,analista,1091.79,2081.79,10/18/2025
Onida Hargrave,Research and Development,analista,3255.02,3501.02,12/21/2025
Malanie Beche,Product Management,gerente,3717.29,3912.29,12/7/2025
Dreddy Meagher,Research and Development,sub-gerente,1728.55,2625.55,7/13/2025
Tabatha Brazenor,Human Resources,comercial,1465.67,2366.67,8/25/2025
Arin Corroyer,Sales,sub-gerente,1727.7,2335.7,5/2/2025
Nelie Jessel,Accounting,soporte,3826.59,4575.59,4/15/2026
Randy Stallebrass,Sales,analista,2665.07,3348.07,2/20/2026
Burgess Abbatini,Training,soporte,3557.57,4274.57,6/6/2025
Una Reuss,Accounting,soporte,2955.01,3525.01,10/19/2025
Quintin Peoples,Business Development,soporte,4672.59,5475.59,12/12/2025
Nanete Verlinden,Accounting,soporte,4136.25,4462.25,10/17/2025
Karia Golledge,Product Management,gerente,4200.97,4818.97,5/6/2025
Kore Epperson,Support,sub-gerente,4735.25,4794.25,2/16/2026
Marty Joel,Training,sub-gerente,4137.14,4386.14,5/12/2025
Ian Dufty,Human Resources,comercial,2834.06,3650.06,8/10/2025
Missie Boniface,Engineering,desarrollados,1004.18,1833.18,3/5/2026
Oran Kettridge,Product Management,comercial,3816.71,3950.71,5/5/2025
Roxana Frear,Human Resources,analista,2351.23,2504.23,3/6/2026
Annabel Beaves,Legal,gerente,2422.34,3203.34,6/25/2025
Ximenes Duckfield,Support,analista,3702.88,4002.88,7/5/2025
Kattie Tinklin,Accounting,analista,4484.71,4847.71,1/1/2026
Hervey Curm,Business Development,comercial,4643.79,5032.79,9/17/2025
Joli Le Clercq,Support,gerente,3161.6,3212.6,4/30/2025
Pete Stothart,Human Resources,comercial,2381.25,2659.25,4/9/2026
Aeriel Cripwell,Accounting,sub-gerente,1048.47,2041.47,11/1/2025
Erin Helliker,Support,sub-gerente,2756.72,3479.72,12/25/2025
Neddy Champneys,Support,analista,1702.58,2691.58,2/28/2026
Paulie Luker,Business Development,sub-gerente,2554.93,3549.93,4/4/2026
Conrad Bairstow,Product Management,desarrollados,3093.48,3304.48,10/31/2025
Gene Edensor,Services,gerente,3067.83,3994.83,6/5/2025
Raine Glading,Support,sub-gerente,3139.87,3946.87,4/4/2026
Bliss Battersby,Support,gerente,3013.55,3620.55,2/21/2026
Sawyere Snodden,Accounting,analista,4751.53,5561.53,1/24/2026
Erika Todarello,Research and Development,comercial,3598.21,4433.21,10/1/2025
Fran Kordes,Engineering,analista,3386.72,3993.72,7/3/2025
Dixie Triplow,Human Resources,comercial,2203.66,3135.66,6/20/2025
Teodorico Cristofol,Training,analista,2928.61,3463.61,11/15/2025
Westbrook Gifford,Training,comercial,2217.46,2398.46,6/14/2025
Simonne Perone,Accounting,desarrollados,2337.31,3086.31,11/22/2025
Farah Thomel,Training,desarrollados,4117.19,4675.19,4/15/2026
Elinore Blum,Services,analista,1984.66,2602.66,7/17/2025
Nalani Freebury,Sales,soporte,1927.44,2194.44,11/20/2025
Jammie Ughelli,Legal,gerente,3974.08,4521.08,1/17/2026
Archibald Dubarry,Research and Development,comercial,1539.38,1938.38,9/20/2025
Corrinne Thripp,Research and Development,gerente,4349.47,5148.47,7/26/2025
Demetria Antonov,Services,comercial,3461.93,4020.93,6/3/2025
Michele Henningham,Accounting,gerente,4092.51,4096.51,1/23/2026
Andreas Duffit,Support,comercial,3509.68,4418.68,9/30/2025
Archibaldo Gumbley,Support,soporte,4109.35,4466.35,8/3/2025
Dean Cassy,Sales,analista,4925.78,5710.78,10/14/2025
Lindy Pinock,Human Resources,sub-gerente,2513.29,2848.29,4/16/2026
Pammi Kemster,Training,gerente,4277.63,4369.63,5/21/2025
Weidar Tackes,Support,desarrollados,3795.45,4648.45,7/3/2025
Joyous McGannon,Research and Development,analista,3272.22,3382.22,8/22/2025
Lynda Fetherstone,Human Resources,comercial,1102.69,1850.69,1/1/2026
Yvette Strasse,Training,soporte,3916.16,4667.16,8/12/2025
Calvin Dolohunty,Accounting,soporte,1522.73,1562.73,1/7/2026
Correy Binns,Engineering,comercial,4047.69,4802.69,1/11/2026
Nicolai McAughtry,Services,sub-gerente,1620.5,1929.5,9/6/2025
Joella Braundt,Legal,comercial,3574.17,3580.17,7/23/2025
Johann Hammill,Sales,desarrollados,3416.93,3531.93,11/8/2025
Gertrude Kiddy,Support,gerente,1511.04,2041.04,7/20/2025
L;urette Guido,Accounting,desarrollados,1887.22,2711.22,11/15/2025
Tanitansy Turbefield,Training,comercial,4439.53,5073.53,3/26/2026
Waverly Bazoche,Engineering,comercial,4801.58,5410.58,7/21/2025
Rodney Vaskin,Human Resources,desarrollados,3463.4,3990.4,7/20/2025
Maggie O'Dea,Business Development,analista,1352.39,1651.39,2/26/2026
Caralie Osichev,Business Development,gerente,2607.53,3277.53,2/12/2026
Dewie Akroyd,Services,sub-gerente,2647.17,3589.17,8/29/2025
Jaimie Troop,Research and Development,desarrollados,3569.51,4236.51,3/19/2026
Frederic Mitro,Research and Development,soporte,2981.14,3254.14,5/5/2025
Wren Levermore,Business Development,analista,1262.61,1913.61,6/15/2025
Chere Britch,Sales,desarrollados,3752.1,4355.1,10/26/2025
Marten Maslen,Product Management,desarrollados,2430.86,2701.86,10/7/2025
Rosabel Madill,Services,analista,2432.18,2724.18,8/19/2025
Sadye Keemer,Support,soporte,4535.68,4631.68,11/28/2025
Nicolette McIlhagga,Services,soporte,3945.4,4515.4,5/6/2025
Somerset Tomlett,Legal,gerente,1373.44,1617.44,7/7/2025
Gail Withnall,Engineering,gerente,1590.99,1642.99,1/13/2026
Julius De Robertis,Sales,desarrollados,3342.7,3641.7,8/8/2025
Haroun Saxby,Product Management,sub-gerente,2416.9,2687.9,7/28/2025
Helaine Culleford,Services,gerente,1357.51,1784.51,6/19/2025
Remus Tume,Marketing,desarrollados,1060.08,1556.08,10/18/2025
Kym Trime,Support,desarrollados,3387.44,3608.44,5/10/2025
Elianore Bryde,Business Development,analista,3814.3,4724.3,4/11/2026
Aksel Aspinwall,Business Development,gerente,3262.59,3624.59,2/15/2026
June Gallie,Support,gerente,3376.29,4136.29,5/2/2025
Clem McGrowther,Support,gerente,1211.34,1493.34,12/21/2025
Elke Markova,Services,sub-gerente,1420.74,1577.74,5/24/2025
Tori Manion,Human Resources,gerente,1003.1,1559.1,2/15/2026
Ralph Fernley,Human Resources,desarrollados,3437.41,3490.41,11/1/2025
Bordy Dundridge,Services,soporte,3654.15,4018.15,1/24/2026
Stearne Loiterton,Training,comercial,3686.54,4360.54,11/4/2025
Zachariah Bayford,Accounting,desarrollados,4459.39,5433.39,3/28/2026
Frederick McEachern,Sales,comercial,2868.3,3382.3,7/9/2025
Concettina Darker,Training,comercial,2468.62,2632.62,9/28/2025
Martita Ronchi,Sales,analista,1603.83,1702.83,2/24/2026
Veronique Kemmish,Human Resources,comercial,4881.08,5050.08,4/28/2025
Desi Petrik,Support,soporte,2625.97,3249.97,3/20/2026
Manfred Durning,Engineering,soporte,3252.3,3542.3,11/2/2025
El Court,Engineering,gerente,4730.08,5388.08,9/10/2025
Candice Franey,Engineering,analista,1977.7,2228.7,12/28/2025
Leona Basler,Business Development,comercial,2600.27,3134.27,3/29/2026
Doreen Peach,Legal,analista,3135.98,3286.98,12/23/2025
Vicki Wyatt,Human Resources,desarrollados,3647.57,4273.57,4/17/2026
Luise Zolini,Support,comercial,3146.67,3614.67,9/6/2025
Athene Fauguel,Business Development,soporte,4831.19,5298.19,7/28/2025
Felice Artis,Product Management,gerente,1264.35,1646.35,7/31/2025
Ethan Goldis,Support,soporte,2440.6,3284.6,11/18/2025
Marley Godly,Human Resources,comercial,1132.42,1188.42,10/30/2025
Wendie Priden,Research and Development,analista,1625.59,1873.59,6/19/2025
Artair Clemens,Legal,analista,3843.92,4246.92,1/6/2026
Malvin Blakeman,Marketing,sub-gerente,2296.19,3108.19,5/23/2025
Sayres Crudgington,Business Development,sub-gerente,1069.74,1893.74,12/19/2025
Nicolai Paulitschke,Support,comercial,2844.74,3454.74,8/23/2025
Leonid Dun,Support,sub-gerente,1183.91,1413.91,8/29/2025
Billy Pisco,Support,gerente,4847.11,5212.11,6/6/2025
Oliviero Pawlett,Accounting,gerente,1784.1,2483.1,8/31/2025
Jillane Benedite,Legal,analista,1833.03,1956.03,4/24/2026
Javier Hawick,Product Management,sub-gerente,1478.18,2303.18,2/14/2026
Joe Meineking,Legal,soporte,1575.58,1651.58,8/28/2025
Christan Gully,Sales,sub-gerente,1178.07,1438.07,11/8/2025
Vina Speake,Services,soporte,3742.01,4553.01,12/10/2025
Nixie Vockings,Engineering,gerente,2885.74,2932.74,8/14/2025
Mord Keuneke,Product Management,comercial,1059.63,1663.63,12/8/2025
Maxwell Dukes,Support,comercial,1936.54,2104.54,3/18/2026
Candie Saint,Accounting,soporte,3567.9,3918.9,1/27/2026
Chilton Yve,Accounting,sub-gerente,2709.89,3381.89,8/30/2025
Siana Mathey,Research and Development,desarrollados,2800.27,3074.27,7/11/2025
Rey Abramamovh,Research and Development,comercial,1857.52,2255.52,12/23/2025
Sibyl Kildea,Human Resources,sub-gerente,4610.89,5218.89,12/17/2025
Eve Ianni,Accounting,analista,4233.5,5066.5,9/17/2025
Forrester Oxburgh,Training,soporte,4408.95,4731.95,7/23/2025
Lissie McLachlan,Engineering,sub-gerente,1508.72,2290.72,8/3/2025
Marcelia Masserel,Product Management,sub-gerente,4110.6,4394.6,7/23/2025
Siward Blackaller,Engineering,desarrollados,2036.36,2332.36,5/29/2025
Arny Zavattieri,Research and Development,desarrollados,1946.93,2095.93,2/13/2026
Arther MacCarrick,Sales,gerente,2972.19,3175.19,3/9/2026
Garvy Donohue,Services,sub-gerente,2823.41,3068.41,10/14/2025
Henrietta Duester,Product Management,soporte,1878.71,2302.71,5/3/2025
Wendie Scouse,Legal,sub-gerente,1716.69,2517.69,11/5/2025
Emile Standfield,Sales,soporte,3750.1,3787.1,1/21/2026
Nikolaus Nunes Nabarro,Marketing,gerente,4889.06,5544.06,3/10/2026
Dulsea Rosenboim,Marketing,comercial,4861.27,5496.27,9/25/2025
Auberon Bullers,Services,comercial,1873.54,2714.54,8/1/2025
Tory Tumpane,Product Management,soporte,4012.14,4065.14,1/15/2026
Ludvig Gunningham,Research and Development,gerente,4793.42,5427.42,12/17/2025
Lynnette Wheatman,Human Resources,comercial,1517.72,1744.72,4/1/2026
Phoebe Maytum,Marketing,sub-gerente,3000.72,3828.72,5/15/2025
Dorie Deguara,Business Development,comercial,3913.94,4632.94,11/15/2025
Zsa zsa Bothen,Research and Development,comercial,3409.94,3710.94,5/20/2025
Kenon Lotwich,Engineering,comercial,4526.99,4688.99,1/12/2026
Buiron Hansman,Training,soporte,1651.21,2553.21,4/7/2026
Daveen Motte,Sales,comercial,4510.03,4649.03,5/2/2025
Land Findlay,Legal,sub-gerente,4338.55,4745.55,7/21/2025
Salomone Hartzog,Legal,desarrollados,3296.81,3839.81,2/15/2026
Garland Jedrzejczak,Sales,desarrollados,2693.55,3233.55,1/26/2026
Constancy Fritschmann,Human Resources,gerente,3146.23,3770.23,1/22/2026
Sky Chuter,Engineering,sub-gerente,1366.63,2084.63,11/10/2025
Hildegarde Schwartz,Product Management,analista,3084.32,3893.32,3/21/2026
Deloria Whitehorn,Research and Development,gerente,4256.93,5150.93,1/3/2026
Maynord Sculley,Accounting,analista,3015.26,3188.26,5/3/2025
Inness Phidgin,Legal,desarrollados,2263.72,2844.72,12/3/2025
Venita Orbine,Sales,gerente,1283.32,2208.32,3/12/2026
Langston Bagnold,Product Management,soporte,1362.38,2075.38,12/28/2025
Doe Jelliman,Sales,gerente,1803.69,2085.69,12/22/2025
Rem Steele,Services,sub-gerente,3107.74,4043.74,7/27/2025
Mikael Hamerton,Training,sub-gerente,2819.05,3703.05,5/15/2025
Earl Godney,Product Management,soporte,2701.43,3594.43,6/1/2025
Cort Fronzek,Training,sub-gerente,3618.9,4590.9,12/29/2025
Celle Newborn,Legal,soporte,1353.76,2038.76,3/21/2026
Corey Orwin,Legal,desarrollados,2259.17,2619.17,11/21/2025
Trina Leslie,Product Management,sub-gerente,3406.46,3483.46,1/31/2026
Roshelle Friary,Human Resources,sub-gerente,4882.9,5322.9,5/19/2025
Katrinka Charteris,Legal,gerente,2744.39,3363.39,2/13/2026
Cassie Grimshaw,Marketing,comercial,2711.14,2924.14,9/19/2025
Sheba Rands,Services,desarrollados,3907.28,4653.28,3/7/2026
Tobey Edgeon,Training,gerente,2172.87,3065.87,10/12/2025
Yale Binstead,Services,soporte,3992.98,4080.98,6/6/2025
Leonerd Erb,Training,analista,3560.98,4489.98,3/26/2026
Cyndy Scorey,Research and Development,comercial,3505.99,3921.99,10/9/2025
Tiphani Di Biasio,Legal,soporte,1280.67,1683.67,7/20/2025
Burton Wolland,Business Development,desarrollados,3759.62,4240.62,6/6/2025
Maxie Cristofori,Product Management,soporte,2809.95,2908.95,3/3/2026
Sebastian Guyonneau,Accounting,soporte,4831.15,5683.15,6/29/2025
Sandra Trimbey,Support,soporte,4259.27,4515.27,10/4/2025
Yale Giovanizio,Research and Development,soporte,2123.27,2693.27,7/11/2025
Philbert McBratney,Human Resources,gerente,3230.38,3909.38,5/21/2025
Barthel Glamart,Human Resources,desarrollados,4366.83,5003.83,8/15/2025
Rosco Giraudat,Business Development,comercial,3705.57,4060.57,5/6/2025
Malissa Moseby,Research and Development,soporte,1186.38,1377.38,5/22/2025
Stella Cordeau],Research and Development,gerente,1420.16,2185.16,3/27/2026
Gussi Glencrosche,Business Development,sub-gerente,4757.49,4764.49,4/28/2025
Julienne Verma,Human Resources,desarrollados,4662.54,5529.54,5/11/2025
Mellisa Braidon,Business Development,desarrollados,3897.82,4683.82,7/9/2025
Susanetta Witherup,Support,comercial,1136.33,1767.33,4/17/2026
Arlyne Rabjohn,Support,sub-gerente,2436.78,2461.78,7/17/2025
Laurens Staton,Marketing,soporte,1573.14,1609.14,5/2/2025
Cairistiona Brunsdon,Training,sub-gerente,1729.55,2061.55,4/4/2026
Katy Sillwood,Research and Development,sub-gerente,1070.68,1450.68,7/18/2025
Tandi Tregenza,Product Management,analista,3266.17,4122.17,7/29/2025
Gabi Bartolomeo,Product Management,analista,1399.87,1599.87,3/22/2026
Chauncey Shankland,Sales,soporte,1505.44,1512.44,6/25/2025
Bettine Chelsom,Product Management,sub-gerente,2772.76,3753.76,7/23/2025
Harmon Slimm,Accounting,comercial,2592.2,3348.2,5/11/2025
Artur Colquit,Services,desarrollados,4596.63,5170.63,7/6/2025
Ly Altree,Human Resources,gerente,2657.33,3461.33,3/29/2026
Mikaela Robart,Marketing,desarrollados,3506.24,3558.24,4/14/2026
Bobinette Ind,Human Resources,analista,2773.87,3124.87,10/7/2025
Burke Facey,Legal,comercial,3488.09,3692.09,12/9/2025
Klement Duckitt,Legal,gerente,1539.27,1842.27,11/6/2025
Gary Lightollers,Marketing,analista,1934.98,2618.98,1/31/2026
Karyn Isakowicz,Research and Development,comercial,2696.22,3427.22,9/30/2025
Lesly McBoyle,Services,analista,3947.44,4369.44,5/3/2025
Vin Songhurst,Accounting,gerente,2393.42,2657.42,12/23/2025
Bree Penk,Human Resources,gerente,2369.63,2603.63,1/16/2026
Marcela Cleave,Accounting,comercial,3483.12,4375.12,1/3/2026
Genna Waple,Legal,soporte,1159.03,1699.03,12/18/2025
Nathalia McVee,Marketing,gerente,4591.03,4940.03,3/1/2026
Corilla Larman,Human Resources,sub-gerente,1801.5,2727.5,6/17/2025
Maurizio Filgate,Legal,sub-gerente,3940.3,4191.3,7/10/2025
Garrot Ballantine,Engineering,sub-gerente,4389.19,5360.19,7/23/2025
Izzy Dampier,Legal,soporte,3538.71,3922.71,5/28/2025
Beryle Reams,Research and Development,comercial,2467.34,2728.34,5/8/2025
Baily Hurch,Marketing,analista,2323.99,2353.99,11/29/2025
Rowen Munday,Support,gerente,3444.8,3458.8,11/1/2025
Sydney Giacomuzzi,Sales,desarrollados,1137.64,1911.64,3/22/2026
Jens Lillywhite,Legal,sub-gerente,4365.27,4504.27,5/10/2025
Rene Fronczak,Training,comercial,1032.8,1363.8,3/15/2026
Scott Cosson,Accounting,analista,3769.78,4668.78,5/7/2025
Merola Denziloe,Legal,sub-gerente,1954.26,2325.26,4/13/2026
Wyn Sorsby,Product Management,comercial,2786.77,3046.77,7/3/2025
Phyllida Thurstance,Support,gerente,2050.02,2547.02,10/29/2025
Zackariah Jeeves,Human Resources,gerente,1389.65,1885.65,3/12/2026
Clywd Rakes,Product Management,desarrollados,4728.82,5211.82,8/12/2025
Avigdor Jonson,Legal,comercial,2715.98,3040.98,4/26/2025
Becka Parkisson,Business Development,sub-gerente,2884.19,3612.19,12/1/2025
Angel Beswick,Support,soporte,3262.74,4025.74,5/16/2025
Tani Chillistone,Product Management,soporte,2795.36,3615.36,12/31/2025
Bennie Barroux,Engineering,desarrollados,3901.37,4492.37,6/20/2025
Thea Powers,Training,sub-gerente,1116.65,1551.65,6/25/2025
Haleigh Currer,Research and Development,desarrollados,1449.16,2401.16,3/20/2026
Marshall Nodes,Research and Development,comercial,2737.86,3608.86,10/21/2025
Matilda Shah,Support,sub-gerente,1636.71,2333.71,1/12/2026
Merrili Payze,Accounting,analista,3000.31,3060.31,4/8/2026
Belia Faraker,Training,desarrollados,1104.64,1740.64,10/22/2025
Murray Danielsen,Services,comercial,4242.83,5183.83,4/17/2026
Maje Kondrachenko,Services,comercial,3481.58,4088.58,4/12/2026
Cari Campsall,Services,desarrollados,4606.91,5077.91,11/11/2025
Rosalynd Gooly,Sales,analista,1711.04,1885.04,1/8/2026
Cam Clemenzi,Support,desarrollados,4982.83,5867.83,7/6/2025
Munroe Geany,Legal,soporte,2725.12,3012.12,7/21/2025
Rod Colegate,Accounting,gerente,1419.67,1932.67,1/6/2026
Jerrilee Gounod,Support,soporte,4330.41,5189.41,2/24/2026
Bjorn Dubble,Engineering,desarrollados,4766.59,5286.59,1/19/2026
Reid Winsley,Product Management,sub-gerente,3603.49,4241.49,9/5/2025
Jehu Franceschielli,Training,soporte,4986.46,5810.46,10/7/2025
Alister Knapper,Services,desarrollados,3265.56,3515.56,8/11/2025
Corny Muggach,Business Development,soporte,2523.46,2810.46,10/14/2025
Riane Haygreen,Legal,comercial,2034.32,2227.32,9/25/2025
Winn Overall,Product Management,soporte,4936.58,5587.58,8/2/2025
Clarinda Stower,Marketing,analista,4188.01,4576.01,6/28/2025
Paton Cancellario,Services,soporte,4767.21,5622.21,12/2/2025
Jarrid Tomadoni,Legal,soporte,3527.98,4378.98,9/9/2025
Hobie Kohrsen,Product Management,desarrollados,2049.08,2959.08,3/27/2026
Shara Hallstone,Accounting,sub-gerente,3434.65,3656.65,10/18/2025
Jacob Belton,Engineering,sub-gerente,1882.86,2311.86,7/30/2025
Dari Lopes,Legal,sub-gerente,3987.97,4649.97,10/30/2025
Franky Luscott,Marketing,desarrollados,3553.77,3890.77,3/7/2026
Shirline Moro,Marketing,desarrollados,2914.33,3883.33,1/29/2026
Kaine Fehely,Engineering,soporte,2386.84,2976.84,8/8/2025
Almira Rraundl,Product Management,desarrollados,4710.87,5580.87,4/16/2026
Fallon Tringham,Human Resources,analista,1276.18,1672.18,4/11/2026
Amitie Downe,Training,analista,2815.57,3342.57,10/1/2025
Gisele Davy,Research and Development,analista,1940.58,2108.58,9/17/2025
Sibylla Dibling,Legal,desarrollados,1494.57,2215.57,10/26/2025
Farly Stoves,Human Resources,analista,4398.6,4954.6,1/11/2026
Shawna Heeney,Engineering,comercial,3702.8,3833.8,3/30/2026
Lionello Camelin,Engineering,desarrollados,1118.64,1684.64,4/19/2026
Boone Morpeth,Support,gerente,2391.11,2421.11,1/3/2026
Shannen Birkbeck,Engineering,desarrollados,3445.71,3910.71,3/22/2026
Imogen Bumphrey,Marketing,soporte,1974.03,2867.03,2/24/2026
Porty Diviny,Engineering,desarrollados,3470.32,4088.32,3/10/2026
Kelby Wenn,Marketing,soporte,1565.49,2040.49,8/29/2025
Clayson Greenhill,Services,comercial,3008.23,3322.23,9/21/2025
Jackqueline Waldie,Marketing,sub-gerente,4174.73,5173.73,9/28/2025
Debra Aisman,Sales,soporte,3086.37,3589.37,9/8/2025
Waylan Thomlinson,Services,gerente,2145.73,2265.73,5/30/2025
Yolanthe Houlahan,Sales,desarrollados,3163.48,3371.48,7/15/2025
Rodie Organ,Training,soporte,4950.51,5620.51,10/3/2025
Hazel Hannah,Legal,gerente,4354.15,4625.15,7/8/2025
York Malatalant,Legal,soporte,4233.54,4884.54,1/11/2026
Kissiah Robertucci,Sales,comercial,1880.86,2670.86,6/30/2025
Rufus Keedy,Human Resources,desarrollados,4955.43,5012.43,9/5/2025
Allyson Teacy,Sales,sub-gerente,3886.39,4756.39,4/4/2026
Cari Le Friec,Legal,comercial,3583.23,3995.23,12/14/2025
Isaac Soulsby,Human Resources,desarrollados,4119.27,4530.27,11/1/2025
Kameko Scripture,Services,soporte,2890.62,3157.62,7/6/2025
Joly Hackworth,Training,gerente,4799.02,5318.02,1/22/2026
Almeta Mulhill,Human Resources,gerente,3142.52,3330.52,7/15/2025
Theadora D'eathe,Support,gerente,1725.21,2293.21,9/2/2025
Nico Harp,Human Resources,analista,1185.91,1267.91,1/3/2026
Colly Prichet,Marketing,comercial,2607.65,2911.65,9/9/2025
Suzi Hooke,Marketing,analista,1219.41,1546.41,3/28/2026
Araldo Hearsey,Engineering,gerente,3283.67,3555.67,2/8/2026
Vidovik Ridgeway,Services,comercial,3516.17,3791.17,2/17/2026
Saundra Caulcutt,Human Resources,desarrollados,3876.16,4488.16,9/13/2025
Balduin Nisbith,Support,soporte,2705.68,3265.68,2/9/2026
Tracey Bilbey,Product Management,comercial,1759.74,2508.74,10/26/2025
Nance Hourigan,Marketing,gerente,4195.02,4220.02,7/20/2025
Gav Larrad,Engineering,sub-gerente,4697.18,5061.18,1/3/2026
Madge Godfray,Training,sub-gerente,1295.0,1830.0,12/14/2025
Raddy Brand-Hardy,Human Resources,sub-gerente,1757.79,2289.79,12/20/2025
Joanna Vearncomb,Training,gerente,1623.92,2587.92,2/22/2026
Druci Wooffitt,Sales,desarrollados,1609.37,1910.37,7/15/2025
Marylynne Priel,Product Management,soporte,4673.51,4775.51,3/21/2026
Leighton MacScherie,Training,gerente,3621.96,4005.96,5/4/2025
Durant Alekseev,Marketing,sub-gerente,2166.74,2721.74,1/25/2026
Caryl Dovidian,Engineering,analista,1797.12,2719.12,2/17/2026
Lanie Wallenger,Human Resources,gerente,1948.28,2464.28,12/26/2025
Dario Lyles,Business Development,soporte,1008.13,1235.13,5/6/2025
Gunar Dearden,Sales,analista,3453.13,3706.13,12/19/2025
Aloysius Kaplin,Accounting,analista,2240.71,2296.71,3/24/2026
Norry Garritley,Sales,comercial,4099.44,4139.44,10/8/2025
Jamima Sands,Human Resources,gerente,2270.25,2902.25,4/20/2026
Zebedee Craw,Legal,soporte,3464.34,4198.34,12/22/2025
Ginger Speak,Product Management,analista,2819.17,3647.17,10/2/2025
Sherilyn Castagnone,Business Development,gerente,4553.59,4876.59,5/7/2025
Joellyn O'Ferris,Support,sub-gerente,3053.09,3196.09,11/13/2025
Tomlin Goodanew,Services,comercial,3493.07,4266.07,3/2/2026
Ermentrude Pidgeley,Training,analista,2985.57,3521.57,7/23/2025
Erena Lande,Marketing,analista,1311.39,1425.39,9/4/2025
Ashlin Cassin,Research and Development,comercial,1658.18,1935.18,12/9/2025
Dani Oxenford,Legal,comercial,2004.69,2969.69,8/2/2025
Jewelle Sotheron,Accounting,sub-gerente,1436.01,2137.01,7/17/2025
Meagan Thorius,Research and Development,analista,1399.95,2267.95,11/18/2025
Jayme Lensch,Human Resources,comercial,1541.1,2469.1,8/19/2025
Eldin Le Guin,Business Development,desarrollados,2602.01,3246.01,2/21/2026
Neill Morant,Engineering,soporte,4251.68,4915.68,10/21/2025
Regen Bickerdike,Sales,soporte,1470.06,2371.06,8/3/2025
Lewie Esparza,Accounting,comercial,3642.14,3684.14,7/19/2025
Terrie Schaumann,Accounting,analista,3533.55,4522.55,10/27/2025
Daryle Cartner,Sales,sub-gerente,3753.22,3965.22,7/31/2025
Emilie Mulran,Sales,gerente,1073.72,1380.72,5/9/2025
Hendrik Rhyme,Accounting,desarrollados,2885.56,3661.56,8/18/2025
Nat Cruddace,Marketing,soporte,2509.2,3402.2,5/2/2025
Tris Summersby,Engineering,comercial,2793.1,3390.1,6/6/2025
Bar Skarr,Engineering,sub-gerente,3815.72,4763.72,10/16/2025
Philippe Torel,Services,desarrollados,3748.96,4722.96,1/26/2026
Sherman McHan,Engineering,soporte,2364.98,2420.98,10/31/2025
Steffi Conrard,Business Development,comercial,4266.18,4493.18,7/4/2025
Ripley Reveland,Human Resources,comercial,2456.32,2680.32,8/24/2025
Glenda Tricker,Engineering,sub-gerente,3482.27,4299.27,8/4/2025
Andros Stearndale,Services,sub-gerente,2947.18,3380.18,9/7/2025
Jillene Bentje,Human Resources,soporte,4837.15,5303.15,1/17/2026
Milt Gowans,Engineering,comercial,3120.37,3714.37,10/6/2025
Vinnie Dellenbrok,Marketing,sub-gerente,3962.61,3979.61,8/28/2025
Humfrey Wait,Product Management,desarrollados,1329.03,1564.03,4/1/2026
Corinna Knotton,Human Resources,soporte,2930.5,2957.5,1/16/2026
Cherice Brookesbie,Services,sub-gerente,2586.86,3386.86,4/21/2026
Kylie MacGuffie,Engineering,soporte,1369.26,1916.26,3/1/2026
Joachim Harborow,Support,comercial,2594.12,3465.12,2/23/2026
Shea Barczynski,Services,soporte,1459.89,1507.89,6/21/2025
Fawne Prosch,Services,sub-gerente,1898.14,2212.14,10/10/2025
Paulina Fieldgate,Engineering,soporte,4780.83,5631.83,1/10/2026
Charlot Mulvey,Product Management,comercial,2552.0,2908.0,11/22/2025
Mersey Skunes,Business Development,sub-gerente,4546.98,4887.98,4/23/2026
Fremont Still,Training,desarrollados,4037.87,4804.87,8/30/2025
Raviv Tullot,Research and Development,analista,1846.87,2675.87,2/5/2026
Enriqueta Hunday,Research and Development,desarrollados,3122.69,3559.69,12/20/2025
Hedvig McClosh,Research and Development,soporte,2409.12,2899.12,8/1/2025
Bridget Doldon,Training,gerente,3894.71,4367.71,11/1/2025
Brandyn Edgell,Services,desarrollados,4359.5,5278.5,5/8/2025
Krisha Kitlee,Legal,desarrollados,1118.66,2088.66,4/13/2026
Jaimie Hadkins,Business Development,desarrollados,1573.42,2027.42,4/16/2026
Berton Spink,Engineering,gerente,2745.67,3626.67,1/4/2026
Immanuel Blakeman,Sales,sub-gerente,2616.85,3575.85,6/30/2025
Bradan Muro,Training,desarrollados,2376.26,3365.26,6/29/2025
Odille Pinshon,Engineering,gerente,1844.07,2623.07,3/6/2026
Gerick Durbyn,Accounting,gerente,2726.29,2819.29,1/30/2026
Danyelle Bengtson,Business Development,soporte,1528.31,2264.31,10/15/2025
Colin McNaught,Research and Development,desarrollados,4110.19,4917.19,12/31/2025
Mignonne Mattheis,Legal,soporte,4990.63,5611.63,2/11/2026
Jacky Petegrew,Legal,gerente,3565.25,3955.25,4/23/2026
Chrissie Pert,Accounting,desarrollados,3624.92,3872.92,9/13/2025
Debbie McAvinchey,Engineering,sub-gerente,2366.05,3076.05,8/12/2025
Bethany Mordin,Legal,desarrollados,1385.16,1774.16,4/21/2026
Addy Holttom,Product Management,soporte,3697.48,4104.48,3/20/2026
Corty Staner,Legal,comercial,2420.51,2840.51,4/21/2026
Costa O'Sullivan,Research and Development,gerente,3670.69,4039.69,8/21/2025
Korie Lampen,Training,sub-gerente,3293.58,4263.58,10/19/2025
Marve Gunderson,Legal,analista,2111.37,2292.37,12/4/2025
Humfrey Woolatt,Product Management,gerente,3340.01,3402.01,3/4/2026
Shaylyn Cobello,Services,analista,1746.42,2430.42,4/16/2026
Aleda Makepeace,Training,sub-gerente,3363.68,3538.68,6/22/2025
Gleda Bridden,Research and Development,comercial,3227.06,4168.06,2/26/2026
Phyllis Vernazza,Product Management,sub-gerente,2431.08,2971.08,7/21/2025
Had Soggee,Human Resources,soporte,1305.23,1833.23,10/25/2025
Ailyn Pala,Support,soporte,4314.07,4562.07,11/17/2025
Lemuel Cornock,Training,gerente,2988.93,3196.93,4/17/2026
Rheba Gresly,Legal,gerente,1759.5,2592.5,1/15/2026
Melli Burdon,Training,desarrollados,1300.49,1487.49,5/19/2025
Stefanie Schutt,Legal,desarrollados,3346.0,3423.0,11/1/2025
Cullan Slavin,Human Resources,comercial,2916.86,3811.86,3/22/2026
Nora Meeson,Engineering,soporte,2081.66,2966.66,2/21/2026
Kelbee Van den Oord,Training,comercial,3959.52,4120.52,5/14/2025
Corrianne Paris,Research and Development,sub-gerente,1614.44,2525.44,12/3/2025
Peggy Tremellan,Training,gerente,3822.85,4664.85,11/9/2025
Blinny Padfield,Engineering,soporte,3606.1,4237.1,3/10/2026
Aldis Brandli,Accounting,soporte,3081.57,3486.57,5/27/2025
Anders Portsmouth,Sales,analista,3370.61,3818.61,8/5/2025
Perkin Suff,Training,analista,4857.38,5211.38,11/27/2025
Lorianna Colclough,Accounting,comercial,1397.15,1784.15,2/7/2026
Clemmie Dubose,Legal,comercial,2260.74,2434.74,2/23/2026
Quinlan Beebee,Product Management,soporte,2332.42,3222.42,3/12/2026
Raynell Rottery,Sales,gerente,4020.6,4166.6,12/29/2025
Tiffy Divine,Product Management,sub-gerente,2185.6,2648.6,11/11/2025
Jo ann Ellum,Engineering,gerente,1854.48,1982.48,8/22/2025
